bookmark_id,post_id,comment_id
1,4267,
2,2982,
3,510,
4,,4685
5,9393,
6,,280
7,,4927
8,,1410
9,,3429
10,,973
11,,4187
12,4789,
13,,2210
14,,3650
15,3715,
16,,3158
17,1347,
18,,4542
19,,2435
20,,2301
21,,2682
22,,4132
23,,3392
24,9606,
25,,388
26,,3639
27,9735,
28,1494,
29,,2992
30,7206,
31,,3052
32,5134,
33,,3555
34,538,
35,2969,
36,9318,
37,1241,
38,3328,
39,,2756
40,6024,
41,,825
42,,2608
43,,2056
44,,4043
45,,3010
46,,3291
47,,3385
48,,3043
49,2612,
50,,744
51,8744,
52,7253,
53,,4235
54,,2989
55,7558,
56,,1885
57,,4203
58,7743,
59,2960,
60,7099,
61,,361
62,1557,
63,6351,
64,,2038
65,,3476
66,7439,
67,,575
68,,3790
69,2078,
70,7674,
71,,2727
72,,459
73,,4990
74,,1594
75,,912
76,,4691
77,2623,
78,7815,
79,,904
80,,3417
81,1589,
82,2411,
83,4683,
84,2309,
85,,702
86,,4040
87,3503,
88,3999,
89,5321,
90,6524,
91,,155
92,512,
93,2239,
94,,2865
95,,2677
96,8538,
97,,3222
98,3353,
99,,4955
100,,4934
101,,2843
102,,2141
103,8539,
104,,2999
105,4647,
106,,2348
107,5378,
108,,446
109,9846,
110,,1328
111,,838
112,6418,
113,5799,
114,,3822
115,,4495
116,5459,
117,,34
118,,1425
119,,4861
120,,503
121,,3346
122,2794,
123,522,
124,6128,
125,3833,
126,,4312
127,,620
128,5266,
129,,3980
130,,4538
131,,3857
132,7296,
133,1727,
134,,2507
135,9434,
136,2751,
137,6669,
138,8784,
139,1976,
140,6605,
141,,1870
142,,2183
143,309,
144,5669,
145,2844,
146,7667,
147,,1981
148,2019,
149,,400
150,7155,
151,8514,
152,,4925
153,,1014
154,,4001
155,206,
156,,807
157,,4950
158,,1968
159,1979,
160,,2658
161,,681
162,,4561
163,545,
164,7561,
165,4303,
166,9862,
167,1999,
168,,2607
169,,1415
170,,551
171,,4819
172,,1227
173,,4196
174,3966,
175,,3698
176,,1706
177,6629,
178,5080,
179,,245
180,4161,
181,,603
182,,1733
183,,557
184,,1593
185,6,
186,,4397
187,6596,
188,,4130
189,2869,
190,,2166
191,3020,
192,2558,
193,,3078
194,,3308
195,7980,
196,,1726
197,9936,
198,5447,
199,8817,
200,,3433
201,,2899
202,9441,
203,,3860
204,3889,
205,,4492
206,,1274
207,,2975
208,,1543
209,3437,
210,3392,
211,6223,
212,,3266
213,,1380
214,5774,
215,,1178
216,,1371
217,3190,
218,,4171
219,2905,
220,,2267
221,,4437
222,,750
223,7304,
224,8572,
225,,745
226,7673,
227,,1131
228,4266,
229,1838,
230,,4715
231,7596,
232,,4178
233,2837,
234,3253,
235,,4912
236,3793,
237,,4232
238,,2098
239,7482,
240,2003,
241,4489,
242,3633,
243,4143,
244,8218,
245,,4168
246,7754,
247,,700
248,1055,
249,3412,
250,890,
251,,609
252,,2329
253,2868,
254,,1844
255,,3658
256,,1237
257,,1878
258,422,
259,,3595
260,8727,
261,8781,
262,,3832
263,,3828
264,7113,
265,,2902
266,,3318
267,9008,
268,,2543
269,4949,
270,8186,
271,,188
272,,4873
273,,3760
274,,2895
275,1776,
276,,2276
277,,2880
278,,1184
279,5710,
280,9516,
281,1350,
282,,4295
283,,3747
284,,1721
285,6229,
286,,2396
287,5481,
288,4252,
289,,3399
290,,2262
291,,2419
292,4843,
293,8667,
294,,1693
295,9972,
296,783,
297,2649,
298,2756,
299,2386,
300,8882,
301,1684,
302,,4850
303,,194
304,,4459
305,3244,
306,8694,
307,6844,
308,,3566
309,4609,
310,,820
311,,3569
312,4039,
313,550,
314,,2236
315,,1851
316,,1667
317,,1127
318,,1921
319,1179,
320,,4829
321,,4472
322,,3928
323,7079,
324,2269,
325,,2830
326,7986,
327,,3366
328,3245,
329,,1383
330,,3483
331,1383,
332,,3085
333,,1044
334,,427
335,,3076
336,997,
337,,2482
338,,3487
339,2591,
340,7551,
341,,4755
342,6011,
343,5150,
344,,4929
345,,2479
346,3810,
347,,2548
348,,1043
349,,4058
350,,605
351,,1643
352,724,
353,6013,
354,,2642
355,9825,
356,,4496
357,,1757
358,9455,
359,5676,
360,,4002
361,,407
362,7547,
363,2018,
364,1403,
365,,1281
366,,1960
367,73,
368,,530
369,,2325
370,,4285
371,,234
372,7895,
373,,450
374,5993,
375,4814,
376,,4408
377,3891,
378,,4849
379,8283,
380,,823
381,8176,
382,,2481
383,,176
384,8144,
385,1034,
386,4875,
387,,671
388,,4970
389,7816,
390,,3531
391,,1648
392,2369,
393,5162,
394,9262,
395,,2165
396,3623,
397,5242,
398,,1090
399,,4677
400,7225,
401,,1970
402,6617,
403,562,
404,459,
405,,3831
406,,3809
407,,4254
408,,2195
409,,3280
410,1280,
411,,2906
412,4544,
413,1835,
414,,3824
415,4855,
416,,1282
417,1481,
418,,1628
419,,4145
420,8242,
421,6139,
422,,3315
423,4119,
424,699,
425,,3665
426,3696,
427,479,
428,3046,
429,7013,
430,5388,
431,,4930
432,424,
433,,1
434,789,
435,6216,
436,9605,
437,,4657
438,5994,
439,,2424
440,6647,
441,,2361
442,7142,
443,7434,
444,,768
445,7328,
446,3965,
447,4642,
448,,4915
449,,746
450,,1824
451,6184,
452,,71
453,,2247
454,,4324
455,2736,
456,,4938
457,3377,
458,8427,
459,,4225
460,9313,
461,,3247
462,1469,
463,,1720
464,,4720
465,,2209
466,,4750
467,,67
468,1829,
469,4840,
470,3236,
471,3223,
472,,128
473,2243,
474,,2003
475,1237,
476,8482,
477,,2411
478,,1422
479,9913,
480,306,
481,,211
482,,2957
483,5319,
484,6068,
485,6796,
486,,107
487,2852,
488,2272,
489,5397,
490,5552,
491,,4475
492,,1871
493,8089,
494,4646,
495,1720,
